Reputational Risk,company reputation damage
Reputational Risk,company reputation damaged
Reputational Risk,damage company reputation
Reputational Risk,damaged company reputation
Reputational Risk,damaging company reputation
Reputational Risk,reputation of company damaged
Reputational Risk,company reputation hurt
Reputational Risk,hurt company reputation
Reputational Risk,hurting company reputation
Reputational Risk,reputation of company hurt
Reputational Risk,company reputation harm
Reputational Risk,company reputation harmed
Reputational Risk,harm company reputation
Reputational Risk,harmed company reputation
Reputational Risk,harming of company reputation
Reputational Risk,reputation of company harmed
Reputational Risk,company’s reputation damage
Reputational Risk,company’s reputation damaged
Reputational Risk,damage company’s reputation
Reputational Risk,damage the company’s reputation
Reputational Risk,damaged company’s reputation
Reputational Risk,damaged the company’s reputation
Reputational Risk,damaging company’s reputation
Reputational Risk,damaging the company’s reputation
Reputational Risk,company’s reputation hurt
Reputational Risk,hurt company’s reputation
Reputational Risk,hurting company’s reputation
Reputational Risk,hurting the company’s reputation
Reputational Risk,company’s reputation harmed
Reputational Risk,harm company’s reputation
Reputational Risk,harm the company’s reputation
Reputational Risk,harmed company’s reputation
Reputational Risk,harmed the company’s reputation
Reputational Risk,harming of company’s reputation
Reputational Risk,harming of the company’s reputation
Reputational Risk,company reputation degradation
Reputational Risk,company reputation degraded
Reputational Risk,degrade company reputation
Reputational Risk,degraded company reputation
Reputational Risk,degrading company reputation
Reputational Risk,reputation of company degraded
Reputational Risk,company’s reputation degraded
Reputational Risk,degrade company’s reputation
Reputational Risk,degrade the company’s reputation
Reputational Risk,degraded company’s reputation
Reputational Risk,degraded the company’s reputation
Reputational Risk,damaging company’s reputation
Reputational Risk,damaging the company’s reputation
Cash Transfers,
Prevent market expansion,revent expansion
Prevent market expansion,prevent market expansion
Prevent market expansion,prevent market entry
Prevent market expansion,prevent industry entry
Prevent market expansion,prevent business line expansion
Prevent market expansion,prevent business entry
Prevent market expansion,prevent business expansion
Prevent market expansion,limit expansion
Prevent market expansion,limit market expansion
Prevent market expansion,limit market entry
Prevent market expansion,limit industry entry
Prevent market expansion,limit business line expansion
Prevent market expansion,limit business entry
Prevent market expansion,limit business expansion
Prevent market expansion,restrict expansion
Prevent market expansion,restrict market expansion
Prevent market expansion,restrict market entry
Prevent market expansion,restrict industry entry
Prevent market expansion,restrict business line expansion
Prevent market expansion,restrict business entry
Prevent market expansion,restrict business expansion
Prevent market expansion,impede expansion
Prevent market expansion,impede market expansion
Prevent market expansion,impede market entry
Prevent market expansion,impede industry entry
Prevent market expansion,impede business line expansion
Prevent market expansion,impede business entry
Prevent market expansion,impede business expansion
Prevent market expansion,hamper expansion
Prevent market expansion,hamper market expansion
Prevent market expansion,hamper market entry
Prevent market expansion,hamper industry entry
Prevent market expansion,hamper business line expansion
Prevent market expansion,hamper business entry
Prevent market expansion,hamper business expansion
Prevent market expansion,obstruct expansion
Prevent market expansion,obstruct market expansion
Prevent market expansion,obstruct market entry
Prevent market expansion,obstruct industry entry
Prevent market expansion,obstruct business line expansion
Prevent market expansion,obstruct business entry
Prevent market expansion,obstruct business expansion
Prevent market expansion,hinder expansion
Prevent market expansion,hinder market expansion
Prevent market expansion,hinder market entry
Prevent market expansion,hinder industry entry
Prevent market expansion,hinder business line expansion
Prevent market expansion,hinder business entry
Prevent market expansion,hinder business expansion
Prevent market expansion,thwart expansion
Prevent market expansion,thwart market expansion
Prevent market expansion,thwart market entry
Prevent market expansion,thwart industry entry
Prevent market expansion,thwart business line expansion
Prevent market expansion,thwart business entry
Prevent market expansion,thwart business expansion
Prevent market expansion,inhibit expansion
Prevent market expansion,inhibit market expansion
Prevent market expansion,inhibit market entry
Prevent market expansion,inhibit industry entry
Prevent market expansion,inhibit business line expansion
Prevent market expansion,inhibit business entry
Prevent market expansion,inhibit business expansion
Prevent market expansion,curb expansion
Prevent market expansion,curb market expansion
Prevent market expansion,curb market entry
Prevent market expansion,curb industry entry
Prevent market expansion,curb business line expansion
Prevent market expansion,curb business entry
Prevent market expansion,curb business expansion
Prevent market expansion,restrain expansion
Prevent market expansion,restrain market expansion
Prevent market expansion,restrain market entry
Prevent market expansion,restrain industry entry
Prevent market expansion,restrain business line expansion
Prevent market expansion,restrain business entry
Prevent market expansion,restrain business expansion
Prevent market expansion,disallow expansion
Prevent market expansion,disallow market expansion
Prevent market expansion,disallow market entry
Prevent market expansion,disallow industry entry
Prevent market expansion,disallow business line expansion
Prevent market expansion,disallow business entry
Prevent market expansion,disallow business expansion
Prevent market expansion,prohibit expansion
Prevent market expansion,prohibit market expansion
Prevent market expansion,prohibit market entry
Prevent market expansion,prohibit industry entry
Prevent market expansion,prohibit business line expansion
Prevent market expansion,prohibit business entry
Prevent market expansion,prohibit business expansion
Prevent market expansion,exclude expansion
Prevent market expansion,exclude market expansion
Prevent market expansion,exclude market entry
Prevent market expansion,exclude industry entry
Prevent market expansion,exclude business line expansion
Prevent market expansion,exclude business entry
Prevent market expansion,exclude business expansion
Prevent market expansion,halt expansion
Prevent market expansion,halt market expansion
Prevent market expansion,halt market entry
Prevent market expansion,halt industry entry
Prevent market expansion,halt business line expansion
Prevent market expansion,halt business entry
Prevent market expansion,halt business expansion
Prevent market expansion,avoid expansion
Prevent market expansion,avoid market expansion
Prevent market expansion,avoid market entry
Prevent market expansion,avoid industry entry
Prevent market expansion,avoid business line expansion
Prevent market expansion,avoid business entry
Prevent market expansion,avoid business expansion
Prevent market expansion,avert expansion
Prevent market expansion,avert market expansion
Prevent market expansion,avert market entry
Prevent market expansion,avert industry entry
Prevent market expansion,avert business line expansion
Prevent market expansion,avert business entry
Prevent market expansion,avert business expansion
Prevent market expansion,stop expansion
Prevent market expansion,stop market expansion
Prevent market expansion,stop market entry
Prevent market expansion,stop industry entry
Prevent market expansion,stop business line expansion
Prevent market expansion,stop business entry
Prevent market expansion,stop business expansion
Prevent market expansion,put an end to expansion
Prevent market expansion,put an end to market expansion
Prevent market expansion,put an end to market entry
Prevent market expansion,put an end to industry entry
Prevent market expansion,put an end to business line expansion
Prevent market expansion,put an end to business entry
Prevent market expansion,put an end to business expansion
Prevent market expansion,frustrate expansion
Prevent market expansion,frustrate market expansion
Prevent market expansion,frustrate market entry
Prevent market expansion,frustrate industry entry
Prevent market expansion,frustrate business line expansion
Prevent market expansion,frustrate business entry
Prevent market expansion,frustrate business expansion
Prevent market expansion,hold off expansion
Prevent market expansion,hold off market expansion
Prevent market expansion,hold off market entry
Prevent market expansion,hold off industry entry
Prevent market expansion,hold off business line expansion
Prevent market expansion,hold off business entry
Prevent market expansion,hold off business expansion
Prevent market expansion,hold back expansion
Prevent market expansion,hold back market expansion
Prevent market expansion,hold back market entry
Prevent market expansion,hold back industry entry
Prevent market expansion,hold back business line expansion
Prevent market expansion,hold back business entry
Prevent market expansion,hold back business expansion
Prevent market expansion,put a stop to expansion
Prevent market expansion,put a stop to market expansion
Prevent market expansion,put a stop to market entry
Prevent market expansion,put a stop to industry entry
Prevent market expansion,put a stop to business line expansion
Prevent market expansion,put a stop to business entry
Prevent market expansion,put a stop to business expansion
Prevent market expansion,block expansion
Prevent market expansion,block market expansion
Prevent market expansion,block market entry
Prevent market expansion,block industry entry
Prevent market expansion,block business line expansion
Prevent market expansion,block business entry
Prevent market expansion,block business expansion
Prevent market expansion,obstruct expansion
Prevent market expansion,obstruct market expansion
Prevent market expansion,obstruct market entry
Prevent market expansion,obstruct industry entry
Prevent market expansion,obstruct business line expansion
Prevent market expansion,obstruct business entry
Prevent market expansion,obstruct business expansion
Prevent market expansion,suppress expansion
Prevent market expansion,suppress market expansion
Prevent market expansion,suppress market entry
Prevent market expansion,suppress industry entry
Prevent market expansion,suppress business line expansion
Prevent market expansion,suppress business entry
Prevent market expansion,suppress business expansion
Prevent market expansion,fend off expansion
Prevent market expansion,fend off market expansion
Prevent market expansion,fend off market entry
Prevent market expansion,fend off industry entry
Prevent market expansion,fend off business line expansion
Prevent market expansion,fend off business entry
Prevent market expansion,fend off business expansion
Prevent market expansion,foil expansion
Prevent market expansion,foil market expansion
Prevent market expansion,foil market entry
Prevent market expansion,foil industry entry
Prevent market expansion,foil business line expansion
Prevent market expansion,foil business entry
Prevent market expansion,foil business expansion
Prevent market expansion,frustrate expansion
Prevent market expansion,frustrate market expansion
Prevent market expansion,frustrate market entry
Prevent market expansion,frustrate industry entry
Prevent market expansion,frustrate business line expansion
Prevent market expansion,frustrate business entry
Prevent market expansion,frustrate business expansion
Prevent market expansion,rule out expansion
Prevent market expansion,rule out market expansion
Prevent market expansion,rule out market entry
Prevent market expansion,rule out industry entry
Prevent market expansion,rule out business line expansion
Prevent market expansion,rule out business entry
Prevent market expansion,rule out business expansion
Prevent market expansion,turn away expansion
Prevent market expansion,turn away market expansion
Prevent market expansion,turn away market entry
Prevent market expansion,turn away industry entry
Prevent market expansion,turn away business line expansion
Prevent market expansion,turn away business entry
Prevent market expansion,turn away business expansion
Prevent market expansion,deter expansion
Prevent market expansion,deter market expansion
Prevent market expansion,deter market entry
Prevent market expansion,deter industry entry
Prevent market expansion,deter business line expansion
Prevent market expansion,deter business entry
Prevent market expansion,deter business expansion
Prevent market expansion,suppress expansion
Prevent market expansion,suppress market expansion
Prevent market expansion,suppress market entry
Prevent market expansion,suppress industry entry
Prevent market expansion,suppress business line expansion
Prevent market expansion,suppress business entry
Prevent market expansion,suppress business expansion
Prevent market expansion,shut out expansion
Prevent market expansion,shut out market expansion
Prevent market expansion,shut out market entry
Prevent market expansion,shut out industry entry
Prevent market expansion,shut out business line expansion
Prevent market expansion,shut out business entry
Prevent market expansion,shut out business expansion
Investment Capital ,
Loss of Investment Capital,disrupt investment capital
Loss of Investment Capital,disrupted investment capital
Loss of Investment Capital,disrupting investment capital
Loss of Investment Capital,disrupting the investment capital
Loss of Investment Capital,disruption of investment capital
Loss of Investment Capital,disrupting of investment capital
Loss of Investment Capital,disruption of the investment capital
Loss of Investment Capital,investment capital disruption
Loss of Investment Capital,investment capital was disrupted
Loss of Investment Capital,disrupt company’s investment capital
Loss of Investment Capital,disrupted company’s investment capital
Loss of Investment Capital,disrupting company’s investment capital
Loss of Investment Capital,disrupting the company’s investment capital
Loss of Investment Capital,disruption of company’s investment capital
Loss of Investment Capital,disrupting of company’s investment capital
Loss of Investment Capital,disrupt the company’s investment capital
Loss of Investment Capital,disrupted the company’s investment capital
Loss of Investment Capital,disrupting the company’s investment capital
Loss of Investment Capital,disruption of the company’s investment capital
Loss of Investment Capital,disrupting of the company’s investment capital
Loss of Investment Capital,company’s investment capital was disrupted
Loss of Investment Capital,degrade investment capital
Loss of Investment Capital,degraded investment capital
Loss of Investment Capital,degrading investment capital
Loss of Investment Capital,degrading the investment capital
Loss of Investment Capital,degradation of investment capital
Loss of Investment Capital,degrading of investment capital
Loss of Investment Capital,degradation of the investment capital
Loss of Investment Capital,investment capital degradation
Loss of Investment Capital,investment capital was degraded
Loss of Investment Capital,degrade company’s investment capital
Loss of Investment Capital,degraded company’s investment capital
Loss of Investment Capital,degrading company’s investment capital
Loss of Investment Capital,degrading the company’s investment capital
Loss of Investment Capital,degradation of company’s investment capital
Loss of Investment Capital,degradation of company’s investment capital
Loss of Investment Capital,degrade the company’s investment capital
Loss of Investment Capital,degraded the company’s investment capital
Loss of Investment Capital,degrading the company’s investment capital
Loss of Investment Capital,degradation of the company’s investment capital
Loss of Investment Capital,degrading of the company’s investment capital
Loss of Investment Capital,company’s investment capital was degraded
Loss of Investment Capital,interrupt investment capital
Loss of Investment Capital,interrupted investment capital
Loss of Investment Capital,interrupting investment capital
Loss of Investment Capital,interrupting the investment capital
Loss of Investment Capital,interruption of investment capital
Loss of Investment Capital,interrupting of investment capital
Loss of Investment Capital,interruption of the investment capital
Loss of Investment Capital,investment capital interruption
Loss of Investment Capital,investment capital was interrupted
Loss of Investment Capital,interrupt company’s investment capital
Loss of Investment Capital,interrupted company’s investment capital
Loss of Investment Capital,interrupting company’s investment capital
Loss of Investment Capital,interrupting the company’s investment capital
Loss of Investment Capital,interruption of company’s investment capital
Loss of Investment Capital,interrupting of company’s investment capital
Loss of Investment Capital,interrupt the company’s investment capital
Loss of Investment Capital,interrupted the company’s investment capital
Loss of Investment Capital,interrupting the company’s investment capital
Loss of Investment Capital,interruption of the company’s investment capital
Loss of Investment Capital,interrupting of the company’s investment capital
Loss of Investment Capital,company’s investment capital was interrupted
Loss of Investment Capital,lose investment capital
Loss of Investment Capital,lost investment capital
Loss of Investment Capital,losing investment capital
Loss of Investment Capital,losing the investment capital
Loss of Investment Capital,loss of investment capital
Loss of Investment Capital,losing of investment capital
Loss of Investment Capital,loss of the investment capital
Loss of Investment Capital,investment capital loss
Loss of Investment Capital,investment capital was lost
Loss of Investment Capital,lose company’s investment capital
Loss of Investment Capital,lost company’s investment capital
Loss of Investment Capital,losing company’s investment capital
Loss of Investment Capital,losing the company’s investment capital
Loss of Investment Capital,loss of company’s investment capital
Loss of Investment Capital,losing of company’s investment capital
Loss of Investment Capital,lose the company’s investment capital
Loss of Investment Capital,lost the company’s investment capital
Loss of Investment Capital,losing the company’s investment capital
Loss of Investment Capital,loss of the company’s investment capital
Loss of Investment Capital,losing of the company’s investment capital
Loss of Investment Capital,company’s investment capital was lost
Investment Capital,prevent Capital
Investment Capital,prevent investment Capital
Investment Capital,prevent investment
Investment Capital,prevent industry investment
Investment Capital,prevent business line Capital
Investment Capital,prevent business investment
Investment Capital,prevent business Capital
Investment Capital,limit Capital
Investment Capital,limit investment Capital
Investment Capital,limit investment
Investment Capital,limit industry investment
Investment Capital,limit business line Capital
Investment Capital,limit business investment
Investment Capital,limit business Capital
Investment Capital,restrict Capital
Investment Capital,restrict investment Capital
Investment Capital,restrict investment
Investment Capital,restrict industry investment
Investment Capital,restrict business line Capital
Investment Capital,restrict business investment
Investment Capital,restrict business Capital
Investment Capital,impede Capital
Investment Capital,impede investment Capital
Investment Capital,impede investment
Investment Capital,impede industry investment
Investment Capital,impede business line Capital
Investment Capital,impede business investment
Investment Capital,impede business Capital
Investment Capital,hamper Capital
Investment Capital,hamper investment Capital
Investment Capital,hamper investment
Investment Capital,hamper industry investment
Investment Capital,hamper business line Capital
Investment Capital,hamper business investment
Investment Capital,hamper business Capital
Investment Capital,obstruct Capital
Investment Capital,obstruct investment Capital
Investment Capital,obstruct investment
Investment Capital,obstruct industry investment
Investment Capital,obstruct business line Capital
Investment Capital,obstruct business investment
Investment Capital,obstruct business Capital
Investment Capital,hinder Capital
Investment Capital,hinder investment Capital
Investment Capital,hinder investment
Investment Capital,hinder industry investment
Investment Capital,hinder business line Capital
Investment Capital,hinder business investment
Investment Capital,hinder business Capital
Investment Capital,thwart Capital
Investment Capital,thwart investment Capital
Investment Capital,thwart investment
Investment Capital,thwart industry investment
Investment Capital,thwart business line Capital
Investment Capital,thwart business investment
Investment Capital,thwart business Capital
Investment Capital,inhibit Capital
Investment Capital,inhibit investment Capital
Investment Capital,inhibit investment
Investment Capital,inhibit industry investment
Investment Capital,inhibit business line Capital
Investment Capital,inhibit business investment
Investment Capital,inhibit business Capital
Investment Capital,curb Capital
Investment Capital,curb investment Capital
Investment Capital,curb investment
Investment Capital,curb industry investment
Investment Capital,curb business line Capital
Investment Capital,curb business investment
Investment Capital,curb business Capital
Investment Capital,restrain Capital
Investment Capital,restrain investment Capital
Investment Capital,restrain investment
Investment Capital,restrain industry investment
Investment Capital,restrain business line Capital
Investment Capital,restrain business investment
Investment Capital,restrain business Capital
Investment Capital,disallow Capital
Investment Capital,disallow investment Capital
Investment Capital,disallow investment
Investment Capital,disallow industry investment
Investment Capital,disallow business line Capital
Investment Capital,disallow business investment
Investment Capital,disallow business Capital
Investment Capital,prohibit Capital
Investment Capital,prohibit investment Capital
Investment Capital,prohibit investment
Investment Capital,prohibit industry investment
Investment Capital,prohibit business line Capital
Investment Capital,prohibit business investment
Investment Capital,prohibit business Capital
Investment Capital,exclude Capital
Investment Capital,exclude investment Capital
Investment Capital,exclude investment
Investment Capital,exclude industry investment
Investment Capital,exclude business line Capital
Investment Capital,exclude business investment
Investment Capital,exclude business Capital
Investment Capital,halt Capital
Investment Capital,halt investment Capital
Investment Capital,halt investment
Investment Capital,halt industry investment
Investment Capital,halt business line Capital
Investment Capital,halt business investment
Investment Capital,halt business Capital
Investment Capital,avoid Capital
Investment Capital,avoid investment Capital
Investment Capital,avoid investment
Investment Capital,avoid industry investment
Investment Capital,avoid business line Capital
Investment Capital,avoid business investment
Investment Capital,avoid business Capital
Investment Capital,avert Capital
Investment Capital,avert investment Capital
Investment Capital,avert investment
Investment Capital,avert industry investment
Investment Capital,avert business line Capital
Investment Capital,avert business investment
Investment Capital,avert business Capital
Investment Capital,stop Capital
Investment Capital,stop investment Capital
Investment Capital,stop investment
Investment Capital,stop industry investment
Investment Capital,stop business line Capital
Investment Capital,stop business investment
Investment Capital,stop business Capital
Investment Capital,put an end to Capital
Investment Capital,put an end to investment Capital
Investment Capital,put an end to investment
Investment Capital,put an end to industry investment
Investment Capital,put an end to business line Capital
Investment Capital,put an end to business investment
Investment Capital,put an end to business Capital
Investment Capital,frustrate Capital
Investment Capital,frustrate investment Capital
Investment Capital,frustrate investment
Investment Capital,frustrate industry investment
Investment Capital,frustrate business line Capital
Investment Capital,frustrate business investment
Investment Capital,frustrate business Capital
Investment Capital,hold off Capital
Investment Capital,hold off investment Capital
Investment Capital,hold off investment
Investment Capital,hold off industry investment
Investment Capital,hold off business line Capital
Investment Capital,hold off business investment
Investment Capital,hold off business Capital
Investment Capital,hold back Capital
Investment Capital,hold back investment Capital
Investment Capital,hold back investment
Investment Capital,hold back industry investment
Investment Capital,hold back business line Capital
Investment Capital,hold back business investment
Investment Capital,hold back business Capital
Investment Capital,put a stop to Capital
Investment Capital,put a stop to investment Capital
Investment Capital,put a stop to investment
Investment Capital,put a stop to industry investment
Investment Capital,put a stop to business line Capital
Investment Capital,put a stop to business investment
Investment Capital,put a stop to business Capital
Investment Capital,block Capital
Investment Capital,block investment Capital
Investment Capital,block investment
Investment Capital,block industry investment
Investment Capital,block business line Capital
Investment Capital,block business investment
Investment Capital,block business Capital
Investment Capital,obstruct Capital
Investment Capital,obstruct investment Capital
Investment Capital,obstruct investment
Investment Capital,obstruct industry investment
Investment Capital,obstruct business line Capital
Investment Capital,obstruct business investment
Investment Capital,obstruct business Capital
Investment Capital,suppress Capital
Investment Capital,suppress investment Capital
Investment Capital,suppress investment
Investment Capital,suppress industry investment
Investment Capital,suppress business line Capital
Investment Capital,suppress business investment
Investment Capital,suppress business Capital
Investment Capital,fend off Capital
Investment Capital,fend off investment Capital
Investment Capital,fend off investment
Investment Capital,fend off industry investment
Investment Capital,fend off business line Capital
Investment Capital,fend off business investment
Investment Capital,fend off business Capital
Investment Capital,foil Capital
Investment Capital,foil investment Capital
Investment Capital,foil investment
Investment Capital,foil industry investment
Investment Capital,foil business line Capital
Investment Capital,foil business investment
Investment Capital,foil business Capital
Investment Capital,frustrate Capital
Investment Capital,frustrate investment Capital
Investment Capital,frustrate investment
Investment Capital,frustrate industry investment
Investment Capital,frustrate business line Capital
Investment Capital,frustrate business investment
Investment Capital,frustrate business Capital
Investment Capital,rule out Capital
Investment Capital,rule out investment Capital
Investment Capital,rule out investment
Investment Capital,rule out industry investment
Investment Capital,rule out business line Capital
Investment Capital,rule out business investment
Investment Capital,rule out business Capital
Investment Capital,turn away Capital
Investment Capital,turn away investment Capital
Investment Capital,turn away investment
Investment Capital,turn away industry investment
Investment Capital,turn away business line Capital
Investment Capital,turn away business investment
Investment Capital,turn away business Capital
Investment Capital,deter Capital
Investment Capital,deter investment Capital
Investment Capital,deter investment
Investment Capital,deter industry investment
Investment Capital,deter business line Capital
Investment Capital,deter business investment
Investment Capital,deter business Capital
Investment Capital,suppress Capital
Investment Capital,suppress investment Capital
Investment Capital,suppress investment
Investment Capital,suppress industry investment
Investment Capital,suppress business line Capital
Investment Capital,suppress business investment
Investment Capital,suppress business Capital
Investment Capital,shut out Capital
Investment Capital,shut out investment Capital
Investment Capital,shut out investment
Investment Capital,shut out industry investment
Investment Capital,shut out business line Capital
Investment Capital,shut out business investment
Investment Capital,shut out business Capital
Supply Chain  manipulation,isrupt supply chain
Supply Chain  manipulation,disrupted supply chain
Supply Chain  manipulation,disrupting supply chain
Supply Chain  manipulation,disrupting the supply chain
Supply Chain  manipulation,disruption of supply chain
Supply Chain  manipulation,disrupting of supply chain
Supply Chain  manipulation,disruption of the supply chain
Supply Chain  manipulation,supply chain disruption
Supply Chain  manipulation,supply chain was disrupted
Supply Chain  manipulation,disrupt company’s supply chain
Supply Chain  manipulation,disrupted company’s supply chain
Supply Chain  manipulation,disrupting company’s supply chain
Supply Chain  manipulation,disrupting the company’s supply chain
Supply Chain  manipulation,disruption of company’s supply chain
Supply Chain  manipulation,disrupting of company’s supply chain
Supply Chain  manipulation,disrupt the company’s supply chain
Supply Chain  manipulation,disrupted the company’s supply chain
Supply Chain  manipulation,disrupting the company’s supply chain
Supply Chain  manipulation,disruption of the company’s supply chain
Supply Chain  manipulation,disrupting of the company’s supply chain
Supply Chain  manipulation,company’s supply chain was disrupted
Supply Chain  manipulation,degrade supply chain
Supply Chain  manipulation,degraded supply chain
Supply Chain  manipulation,degrading supply chain
Supply Chain  manipulation,degrading the supply chain
Supply Chain  manipulation,degradation of supply chain
Supply Chain  manipulation,degrading of supply chain
Supply Chain  manipulation,degradation of the supply chain
Supply Chain  manipulation,supply chain degradation
Supply Chain  manipulation,supply chain was degraded
Supply Chain  manipulation,degrade company’s supply chain
Supply Chain  manipulation,degraded company’s supply chain
Supply Chain  manipulation,degrading company’s supply chain
Supply Chain  manipulation,degrading the company’s supply chain
Supply Chain  manipulation,degradation of company’s supply chain
Supply Chain  manipulation,degradation of company’s supply chain
Supply Chain  manipulation,degrade the company’s supply chain
Supply Chain  manipulation,degraded the company’s supply chain
Supply Chain  manipulation,degrading the company’s supply chain
Supply Chain  manipulation,degradation of the company’s supply chain
Supply Chain  manipulation,degrading of the company’s supply chain
Supply Chain  manipulation,company’s supply chain was degraded
Supply Chain  manipulation,interrupt supply chain
Supply Chain  manipulation,interrupted supply chain
Supply Chain  manipulation,interrupting supply chain
Supply Chain  manipulation,interrupting the supply chain
Supply Chain  manipulation,interruption of supply chain
Supply Chain  manipulation,interrupting of supply chain
Supply Chain  manipulation,interruption of the supply chain
Supply Chain  manipulation,supply chain interruption
Supply Chain  manipulation,supply chain was interrupted
Supply Chain  manipulation,interrupt company’s supply chain
Supply Chain  manipulation,interrupted company’s supply chain
Supply Chain  manipulation,interrupting company’s supply chain
Supply Chain  manipulation,interrupting the company’s supply chain
Supply Chain  manipulation,interruption of company’s supply chain
Supply Chain  manipulation,interrupting of company’s supply chain
Supply Chain  manipulation,interrupt the company’s supply chain
Supply Chain  manipulation,interrupted the company’s supply chain
Supply Chain  manipulation,interrupting the company’s supply chain
Supply Chain  manipulation,interruption of the company’s supply chain
Supply Chain  manipulation,interrupting of the company’s supply chain
Supply Chain  manipulation,company’s supply chain was interrupted
Supply Chain  manipulation,disrupt supply-chain
Supply Chain  manipulation,disrupted supply-chain
Supply Chain  manipulation,disrupting supply-chain
Supply Chain  manipulation,disrupting the supply-chain
Supply Chain  manipulation,disruption of supply-chain
Supply Chain  manipulation,disrupting of supply-chain
Supply Chain  manipulation,disruption of the supply-chain
Supply Chain  manipulation,supply-chain disruption
Supply Chain  manipulation,supply-chain was disrupted
Supply Chain  manipulation,disrupt company’s supply-chain
Supply Chain  manipulation,disrupted company’s supply-chain
Supply Chain  manipulation,disrupting company’s supply-chain
Supply Chain  manipulation,disrupting the company’s supply-chain
Supply Chain  manipulation,disruption of company’s supply-chain
Supply Chain  manipulation,disrupting of company’s supply-chain
Supply Chain  manipulation,disrupt the company’s supply-chain
Supply Chain  manipulation,disrupted the company’s supply-chain
Supply Chain  manipulation,disrupting the company’s supply-chain
Supply Chain  manipulation,disruption of the company’s supply-chain
Supply Chain  manipulation,disrupting of the company’s supply-chain
Supply Chain  manipulation,company’s supply-chain was disrupted
Supply Chain  manipulation,degrade supply-chain
Supply Chain  manipulation,degraded supply-chain
Supply Chain  manipulation,degrading supply-chain
Supply Chain  manipulation,degrading the supply-chain
Supply Chain  manipulation,degradation of supply-chain
Supply Chain  manipulation,degrading of supply-chain
Supply Chain  manipulation,degradation of the supply-chain
Supply Chain  manipulation,supply-chain degradation
Supply Chain  manipulation,supply-chain was degraded
Supply Chain  manipulation,degrade company’s supply-chain
Supply Chain  manipulation,degraded company’s supply-chain
Supply Chain  manipulation,degrading company’s supply-chain
Supply Chain  manipulation,degrading the company’s supply-chain
Supply Chain  manipulation,degradation of company’s supply-chain
Supply Chain  manipulation,degradation of company’s supply-chain
Supply Chain  manipulation,degrade the company’s supply-chain
Supply Chain  manipulation,degraded the company’s supply-chain
Supply Chain  manipulation,degrading the company’s supply-chain
Supply Chain  manipulation,degradation of the company’s supply-chain
Supply Chain  manipulation,degrading of the company’s supply-chain
Supply Chain  manipulation,company’s supply-chain was degraded
Supply Chain  manipulation,interrupt supply-chain
Supply Chain  manipulation,interrupted supply-chain
Supply Chain  manipulation,interrupting supply-chain
Supply Chain  manipulation,interrupting the supply-chain
Supply Chain  manipulation,interruption of supply-chain
Supply Chain  manipulation,interrupting of supply-chain
Supply Chain  manipulation,interruption of the supply-chain
Supply Chain  manipulation,supply-chain interruption
Supply Chain  manipulation,supply-chain was interrupted
Supply Chain  manipulation,interrupt company’s supply-chain
Supply Chain  manipulation,interrupted company’s supply-chain
Supply Chain  manipulation,interrupting company’s supply-chain
Supply Chain  manipulation,interrupting the company’s supply-chain
Supply Chain  manipulation,interruption of company’s supply-chain
Supply Chain  manipulation,interrupting of company’s supply-chain
Supply Chain  manipulation,interrupt the company’s supply-chain
Supply Chain  manipulation,interrupted the company’s supply-chain
Supply Chain  manipulation,interrupting the company’s supply-chain
Supply Chain  manipulation,interruption of the company’s supply-chain
Supply Chain  manipulation,interrupting of the company’s supply-chain
Supply Chain  manipulation,company’s supply-chain was interrupted
Key Revenue Source,isrupt cash flow
Key Revenue Source,disrupted cash flow
Key Revenue Source,disrupting cash flow
Key Revenue Source,disrupting the cash flow
Key Revenue Source,disruption of cash flow
Key Revenue Source,disrupting of cash flow
Key Revenue Source,disruption of the cash flow
Key Revenue Source,cash flow disruption
Key Revenue Source,cash flow was disrupted
Key Revenue Source,disrupt company’s cash flow
Key Revenue Source,disrupted company’s cash flow
Key Revenue Source,disrupting company’s cash flow
Key Revenue Source,disrupting the company’s cash flow
Key Revenue Source,disruption of company’s cash flow
Key Revenue Source,disrupting of company’s cash flow
Key Revenue Source,disrupt the company’s cash flow
Key Revenue Source,disrupted the company’s cash flow
Key Revenue Source,disrupting the company’s cash flow
Key Revenue Source,disruption of the company’s cash flow
Key Revenue Source,disrupting of the company’s cash flow
Key Revenue Source,company’s cash flow was disrupted
Key Revenue Source,degrade cash flow
Key Revenue Source,degraded cash flow
Key Revenue Source,degrading cash flow
Key Revenue Source,degrading the cash flow
Key Revenue Source,degradation of cash flow
Key Revenue Source,degrading of cash flow
Key Revenue Source,degradation of the cash flow
Key Revenue Source,cash flow degradation
Key Revenue Source,cash flow was degraded
Key Revenue Source,degrade company’s cash flow
Key Revenue Source,degraded company’s cash flow
Key Revenue Source,degrading company’s cash flow
Key Revenue Source,degrading the company’s cash flow
Key Revenue Source,degradation of company’s cash flow
Key Revenue Source,degradation of company’s cash flow
Key Revenue Source,degrade the company’s cash flow
Key Revenue Source,degraded the company’s cash flow
Key Revenue Source,degrading the company’s cash flow
Key Revenue Source,degradation of the company’s cash flow
Key Revenue Source,degrading of the company’s cash flow
Key Revenue Source,company’s cash flow was degraded
Key Revenue Source,interrupt cash flow
Key Revenue Source,interrupted cash flow
Key Revenue Source,interrupting cash flow
Key Revenue Source,interrupting the cash flow
Key Revenue Source,interruption of cash flow
Key Revenue Source,interrupting of cash flow
Key Revenue Source,interruption of the cash flow
Key Revenue Source,cash flow interruption
Key Revenue Source,cash flow was interrupted
Key Revenue Source,interrupt company’s cash flow
Key Revenue Source,interrupted company’s cash flow
Key Revenue Source,interrupting company’s cash flow
Key Revenue Source,interrupting the company’s cash flow
Key Revenue Source,interruption of company’s cash flow
Key Revenue Source,interrupting of company’s cash flow
Key Revenue Source,interrupt the company’s cash flow
Key Revenue Source,interrupted the company’s cash flow
Key Revenue Source,interrupting the company’s cash flow
Key Revenue Source,interruption of the company’s cash flow
Key Revenue Source,interrupting of the company’s cash flow
Key Revenue Source,company’s cash flow was interrupted
Key Revenue Source,cut off cash flow
Key Revenue Source,cut off the cash flow
Key Revenue Source,cutting off cash flow
Key Revenue Source,cutting off the cash flow
Key Revenue Source,cash flow cut off
Key Revenue Source,cash flow was cut off
Key Revenue Source,cut off company’s cash flow
Key Revenue Source,cut off the company’s cash flow
Key Revenue Source,cutting off company’s cash flow
Key Revenue Source,cutting off the company’s cash flow
Key Revenue Source,company’s cash flow cut off
Key Revenue Source,company’s cash flow was cut off
Key Revenue Source,disrupt revenue source
Key Revenue Source,disrupted revenue source
Key Revenue Source,disrupting revenue source
Key Revenue Source,disrupting the revenue source
Key Revenue Source,disruption of revenue source
Key Revenue Source,disrupting of revenue source
Key Revenue Source,disruption of the revenue source
Key Revenue Source,revenue source disruption
Key Revenue Source,revenue source was disrupted
Key Revenue Source,disrupt company’s revenue source
Key Revenue Source,disrupted company’s revenue source
Key Revenue Source,disrupting company’s revenue source
Key Revenue Source,disrupting the company’s revenue source
Key Revenue Source,disruption of company’s revenue source
Key Revenue Source,disrupting of company’s revenue source
Key Revenue Source,disrupt the company’s revenue source
Key Revenue Source,disrupted the company’s revenue source
Key Revenue Source,disrupting the company’s revenue source
Key Revenue Source,disruption of the company’s revenue source
Key Revenue Source,disrupting of the company’s revenue source
Key Revenue Source,company’s revenue source was disrupted
Key Revenue Source,degrade revenue source
Key Revenue Source,degraded revenue source
Key Revenue Source,degrading revenue source
Key Revenue Source,degrading the revenue source
Key Revenue Source,degradation of revenue source
Key Revenue Source,degrading of revenue source
Key Revenue Source,degradation of the revenue source
Key Revenue Source,revenue source degradation
Key Revenue Source,revenue source was degraded
Key Revenue Source,degrade company’s revenue source
Key Revenue Source,degraded company’s revenue source
Key Revenue Source,degrading company’s revenue source
Key Revenue Source,degrading the company’s revenue source
Key Revenue Source,degradation of company’s revenue source
Key Revenue Source,degradation of company’s revenue source
Key Revenue Source,degrade the company’s revenue source
Key Revenue Source,degraded the company’s revenue source
Key Revenue Source,degrading the company’s revenue source
Key Revenue Source,degradation of the company’s revenue source
Key Revenue Source,degrading of the company’s revenue source
Key Revenue Source,company’s revenue source was degraded
Key Revenue Source,interrupt revenue source
Key Revenue Source,interrupted revenue source
Key Revenue Source,interrupting revenue source
Key Revenue Source,interrupting the revenue source
Key Revenue Source,interruption of revenue source
Key Revenue Source,interrupting of revenue source
Key Revenue Source,interruption of the revenue source
Key Revenue Source,revenue source interruption
Key Revenue Source,revenue source was interrupted
Key Revenue Source,interrupt company’s revenue source
Key Revenue Source,interrupted company’s revenue source
Key Revenue Source,interrupting company’s revenue source
Key Revenue Source,interrupting the company’s revenue source
Key Revenue Source,interruption of company’s revenue source
Key Revenue Source,interrupting of company’s revenue source
Key Revenue Source,interrupt the company’s revenue source
Key Revenue Source,interrupted the company’s revenue source
Key Revenue Source,interrupting the company’s revenue source
Key Revenue Source,interruption of the company’s revenue source
Key Revenue Source,interrupting of the company’s revenue source
Key Revenue Source,company’s revenue source was interrupted
Key Revenue Source,cut off revenue source
Key Revenue Source,cut off the revenue source
Key Revenue Source,cutting off revenue source
Key Revenue Source,cutting off the revenue source
Key Revenue Source,revenue source cut off
Key Revenue Source,revenue source was cut off
Key Revenue Source,cut off company’s revenue source
Key Revenue Source,cut off the company’s revenue source
Key Revenue Source,cutting off company’s revenue source
Key Revenue Source,cutting off the company’s revenue source
Key Revenue Source,company’s revenue source cut off
Key Revenue Source,company’s revenue source was cut off
Tax,ax haven
Tax,tax shelter
Tax,foreign tax credit
Tax,favorable foreign tax
Tax,favorable offshore tax
Tax,preferable foreign tax
Tax,preferable offshore tax
Tax,promising foreign tax
Tax,promising offshore tax
Tax,desirable foreign tax
Tax,desirable offshore tax
Tax,advantageous foreign tax
Tax,advantageous offshore tax
Leak of Financial Information,eak financial data
Leak of Financial Information,leaked financial data
Leak of Financial Information,leaking financial data
Leak of Financial Information,leak of financial data
Leak of Financial Information,leaking of financial data
Leak of Financial Information,leak company’s financial data
Leak of Financial Information,leaked company’s financial data
Leak of Financial Information,leaking company’s financial data
Leak of Financial Information,leak of company’s financial data
Leak of Financial Information,leaking of company’s financial data
Leak of Financial Information,leak the company’s financial data
Leak of Financial Information,leaked the company’s financial data
Leak of Financial Information,leaking the company’s financial data
Leak of Financial Information,leak of the company’s financial data
Leak of Financial Information,leaking of the company’s financial data
Leak of Financial Information,company’s financial data was leaked
Leak of Financial Information,expose financial data
Leak of Financial Information,exposed financial data
Leak of Financial Information,exposing financial data
Leak of Financial Information,exposure of financial data
Leak of Financial Information,exposing of financial data
Leak of Financial Information,expose company’s financial data
Leak of Financial Information,exposed company’s financial data
Leak of Financial Information,exposing company’s financial data
Leak of Financial Information,exposure of company’s financial data
Leak of Financial Information,exposing of company’s financial data
Leak of Financial Information,expose the company’s financial data
Leak of Financial Information,exposed the company’s financial data
Leak of Financial Information,exposing the company’s financial data
Leak of Financial Information,exposure of the company’s financial data
Leak of Financial Information,exposing of the company’s financial data
Leak of Financial Information,company’s financial data was exposed
Leak of political relationships,eak partnership data
Leak of political relationships,leaked partnership data
Leak of political relationships,leaking partnership data
Leak of political relationships,leak of partnership data
Leak of political relationships,leaking of partnership data
Leak of political relationships,leak union data
Leak of political relationships,leaked union data
Leak of political relationships,leaking union data
Leak of political relationships,leak of union data
Leak of political relationships,leaking of union data
Leak of political relationships,leak lobby data
Leak of political relationships,leaked lobby data
Leak of political relationships,leaking lobby data
Leak of political relationships,leak of lobby data
Leak of political relationships,leaking of lobby data
Leak of political relationships,leak lobbyist data
Leak of political relationships,leaked lobbyist data
Leak of political relationships,leaking lobbyist data
Leak of political relationships,leak of lobbyist data
Leak of political relationships,leaking of lobbyist data
Leak of political relationships,leak company’s relationship data
Leak of political relationships,leaked company’s relationship data
Leak of political relationships,leaking company’s relationship data
Leak of political relationships,leak of company’s relationship data
Leak of political relationships,leaking of company’s relationship data
Leak of political relationships,leak the company’s relationship data
Leak of political relationships,leaked the company’s relationship data
Leak of political relationships,leaking the company’s relationship data
Leak of political relationships,leak of the company’s relationship data
Leak of political relationships,leaking of the company’s relationship data
Leak of political relationships,company’s relationship data was leaked
Leak of political relationships,leak company’s partnership data
Leak of political relationships,leaked company’s partnership data
Leak of political relationships,leaking company’s partnership data
Leak of political relationships,leak of company’s partnership data
Leak of political relationships,leaking of company’s partnership data
Leak of political relationships,leak the company’s partnership data
Leak of political relationships,leaked the company’s partnership data
Leak of political relationships,leaking the company’s partnership data
Leak of political relationships,leak of the company’s partnership data
Leak of political relationships,leaking of the company’s partnership data
Leak of political relationships,company’s partnership data was leaked
Leak of political relationships,leak company’s union data
Leak of political relationships,leaked company’s union data
Leak of political relationships,leaking company’s union data
Leak of political relationships,leak of company’s union data
Leak of political relationships,leaking of company’s union data
Leak of political relationships,leak the company’s union data
Leak of political relationships,leaked the company’s union data
Leak of political relationships,leaking the company’s union data
Leak of political relationships,leak of the company’s union data
Leak of political relationships,leaking of the company’s union data
Leak of political relationships,company’s union data was leaked
Leak of political relationships,leak company’s lobby data
Leak of political relationships,leaked company’s lobby data
Leak of political relationships,leaking company’s lobby data
Leak of political relationships,leak of company’s lobby data
Leak of political relationships,leaking of company’s lobby data
Leak of political relationships,leak the company’s lobby data
Leak of political relationships,leaked the company’s lobby data
Leak of political relationships,leaking the company’s lobby data
Leak of political relationships,leak of the company’s lobby data
Leak of political relationships,leaking of the company’s lobby data
Leak of political relationships,company’s lobby data was leaked
Leak of political relationships,leak company’s lobbyist data
Leak of political relationships,leaked company’s lobbyist data
Leak of political relationships,leaking company’s lobbyist data
Leak of political relationships,leak of company’s lobbyist data
Leak of political relationships,leaking of company’s lobbyist data
Leak of political relationships,leak the company’s lobbyist data
Leak of political relationships,leaked the company’s lobbyist data
Leak of political relationships,leaking the company’s lobbyist data
Leak of political relationships,leak of the company’s lobbyist data
Leak of political relationships,leaking of the company’s lobbyist data
Leak of political relationships,company’s lobbyist data was leaked
Leak of political relationships,expose partnership data
Leak of political relationships,exposed partnership data
Leak of political relationships,exposing partnership data
Leak of political relationships,exposure of partnership data
Leak of political relationships,exposing of partnership data
Leak of political relationships,expose company’s partnership data
Leak of political relationships,exposed company’s partnership data
Leak of political relationships,expose union data
Leak of political relationships,exposed union data
Leak of political relationships,exposing union data
Leak of political relationships,exposure of union data
Leak of political relationships,exposing of union data
Leak of political relationships,expose company’s union data
Leak of political relationships,exposed company’s union data
Leak of political relationships,expose lobby data
Leak of political relationships,exposed lobby data
Leak of political relationships,exposing lobby data
Leak of political relationships,exposure of lobby data
Leak of political relationships,exposing of lobby data
Leak of political relationships,expose company’s lobby data
Leak of political relationships,exposed company’s lobby data
Leak of political relationships,expose lobbyist data
Leak of political relationships,exposed lobbyist data
Leak of political relationships,exposing lobbyist data
Leak of political relationships,exposure of lobbyist data
Leak of political relationships,exposing of lobbyist data
Leak of political relationships,expose company’s lobbyist data
Leak of political relationships,exposed company’s lobbyist data
Leak of political relationships,exposing company’s relationship data
Leak of political relationships,exposure of company’s relationship data
Leak of political relationships,exposing of company’s relationship data
Leak of political relationships,expose the company’s relationship data
Leak of political relationships,exposed the company’s relationship data
Leak of political relationships,exposing the company’s relationship data
Leak of political relationships,exposure of the company’s relationship data
Leak of political relationships,exposing of the company’s relationship data
Leak of political relationships,company’s relationship data was exposed
Leak of political relationships,exposing company’s partnership data
Leak of political relationships,exposure of company’s partnership data
Leak of political relationships,exposing of company’s partnership data
Leak of political relationships,expose the company’s partnership data
Leak of political relationships,exposed the company’s partnership data
Leak of political relationships,exposing the company’s partnership data
Leak of political relationships,exposure of the company’s partnership data
Leak of political relationships,exposing of the company’s partnership data
Leak of political relationships,company’s partnership data was exposed
Leak of political relationships,exposing company’s union data
Leak of political relationships,exposure of company’s union data
Leak of political relationships,exposing of company’s union data
Leak of political relationships,expose the company’s union data
Leak of political relationships,exposed the company’s union data
Leak of political relationships,exposing the company’s union data
Leak of political relationships,exposure of the company’s union data
Leak of political relationships,exposing of the company’s union data
Leak of political relationships,company’s union data was exposed
Leak of political relationships,exposing company’s lobby data
Leak of political relationships,exposure of company’s lobby data
Leak of political relationships,exposing of company’s lobby data
Leak of political relationships,expose the company’s lobby data
Leak of political relationships,exposed the company’s lobby data
Leak of political relationships,exposing the company’s lobby data
Leak of political relationships,exposure of the company’s lobby data
Leak of political relationships,exposing of the company’s lobby data
Leak of political relationships,company’s lobby data was exposed
Leak of political relationships,exposing company’s lobbyist data
Leak of political relationships,exposure of company’s lobbyist data
Leak of political relationships,exposing of company’s lobbyist data
Leak of political relationships,expose the company’s lobbyist data
Leak of political relationships,exposed the company’s lobbyist data
Leak of political relationships,exposing the company’s lobbyist data
Leak of political relationships,exposure of the company’s lobbyist data
Leak of political relationships,exposing of the company’s lobbyist data
Leak of political relationships,company’s lobbyist data was exposed
Halt production,isrupt production
Halt production,disrupted production
Halt production,disrupting production
Halt production,disrupting the production
Halt production,disruption of production
Halt production,disrupting of production
Halt production,disruption of the production
Halt production,production disruption
Halt production,production was disrupted
Halt production,disrupt company’s production
Halt production,disrupted company’s production
Halt production,disrupting company’s production
Halt production,disrupting the company’s production
Halt production,disruption of company’s production
Halt production,disrupting of company’s production
Halt production,disrupt the company’s production
Halt production,disrupted the company’s production
Halt production,disrupting the company’s production
Halt production,disruption of the company’s production
Halt production,disrupting of the company’s production
Halt production,company’s production was disrupted
Halt production,halt production
Halt production,halted production
Halt production,halting production
Halt production,halting the production
Halt production,halting of production
Halt production,
Halt production,production was halted
Halt production,halt company’s production
Halt production,halted company’s production
Halt production,halting company’s production
Halt production,halting the company’s production
Halt production,halting of company’s production
Halt production,halt the company’s production
Halt production,halted the company’s production
Halt production,halting the company’s production
Halt production,halting of the company’s production
Halt production,company’s production was halted
Halt production,suspend production
Halt production,suspended production
Halt production,suspending production
Halt production,suspending the production
Halt production,suspension of production
Halt production,suspending of production
Halt production,suspension of the production
Halt production,production suspension
Halt production,production was suspended
Halt production,suspend company’s production
Halt production,suspended company’s production
Halt production,suspending company’s production
Halt production,suspending the company’s production
Halt production,suspension of company’s production
Halt production,suspending of company’s production
Halt production,suspend the company’s production
Halt production,suspended the company’s production
Halt production,suspending the company’s production
Halt production,suspension of the company’s production
Halt production,suspending of the company’s production
Halt production,company’s production was suspended
Halt production,postpone production
Halt production,postponed production
Halt production,postponing production
Halt production,postponing the production
Halt production,postponing of production
Halt production,production was postponed
Halt production,postpone company’s production
Halt production,postponed company’s production
Halt production,postponing company’s production
Halt production,postponing the company’s production
Halt production,postponing of company’s production
Halt production,postpone the company’s production
Halt production,postponed the company’s production
Halt production,postponing the company’s production
Halt production,postponing of the company’s production
Halt production,company’s production was postponed
Halt production,disrupt manufacturing
Halt production,disrupted manufacturing
Halt production,disrupting manufacturing
Halt production,disrupting the manufacturing
Halt production,disruption of manufacturing
Halt production,disrupting of manufacturing
Halt production,disruption of the manufacturing
Halt production,manufacturing disruption
Halt production,manufacturing was disrupted
Halt production,disrupt company’s manufacturing
Halt production,disrupted company’s manufacturing
Halt production,disrupting company’s manufacturing
Halt production,disrupting the company’s manufacturing
Halt production,disruption of company’s manufacturing
Halt production,disrupting of company’s manufacturing
Halt production,disrupt the company’s manufacturing
Halt production,disrupted the company’s manufacturing
Halt production,disrupting the company’s manufacturing
Halt production,disruption of the company’s manufacturing
Halt production,disrupting of the company’s manufacturing
Halt production,company’s manufacturing was disrupted
Halt production,halt manufacturing
Halt production,halted manufacturing
Halt production,halting manufacturing
Halt production,halting the manufacturing
Halt production,halting of manufacturing
Halt production,manufacturing was halted
Halt production,halt company’s manufacturing
Halt production,halted company’s manufacturing
Halt production,halting company’s manufacturing
Halt production,halting the company’s manufacturing
Halt production,halting of company’s manufacturing
Halt production,halt the company’s manufacturing
Halt production,halted the company’s manufacturing
Halt production,halting the company’s manufacturing
Halt production,halting of the company’s manufacturing
Halt production,company’s manufacturing was halted
Halt production,suspend manufacturing
Halt production,suspended manufacturing
Halt production,suspending manufacturing
Halt production,suspending the manufacturing
Halt production,suspension of manufacturing
Halt production,suspending of manufacturing
Halt production,suspension of the manufacturing
Halt production,manufacturing suspension
Halt production,manufacturing was suspended
Halt production,suspend company’s manufacturing
Halt production,suspended company’s manufacturing
Halt production,suspending company’s manufacturing
Halt production,suspending the company’s manufacturing
Halt production,suspension of company’s manufacturing
Halt production,suspending of company’s manufacturing
Halt production,suspend the company’s manufacturing
Halt production,suspended the company’s manufacturing
Halt production,suspending the company’s manufacturing
Halt production,suspension of the company’s manufacturing
Halt production,suspending of the company’s manufacturing
Halt production,company’s manufacturing was suspended
Halt production,postpone manufacturing
Halt production,postponed manufacturing
Halt production,postponing manufacturing
Halt production,postponing the manufacturing
Halt production,postponing of manufacturing
Halt production,manufacturing was postponed
Halt production,postpone company’s manufacturing
Halt production,postponed company’s manufacturing
Halt production,postponing company’s manufacturing
Halt production,postponing the company’s manufacturing
Halt production,postponing of company’s manufacturing
Halt production,postpone the company’s manufacturing
Halt production,postponed the company’s manufacturing
Halt production,postponing the company’s manufacturing
Halt production,postponing of the company’s manufacturing
Halt production,company’s manufacturing was postponed
